kosul,yapilandirma,tespit_orani,yanlis_alarm_orani
clean,vision_only,0.891,0.013
clean,acoustic_only,0.003,0.0
clean,radar_only,0.792,0.002
clean,fusion_mean,0.967,0.013
clean,fusion_noisyor,0.978,0.011
low_visibility,vision_only,0.237,0.022
low_visibility,acoustic_only,0.003,0.0
low_visibility,radar_only,0.792,0.002
low_visibility,fusion_mean,0.775,0.021
low_visibility,fusion_noisyor,0.853,0.015
noisy_audio,vision_only,0.891,0.013
noisy_audio,acoustic_only,0.0,0.0
noisy_audio,radar_only,0.792,0.002
noisy_audio,fusion_mean,0.955,0.014
noisy_audio,fusion_noisyor,0.975,0.021
link_loss,vision_only,0.891,0.013
link_loss,acoustic_only,0.003,0.0
link_loss,radar_only,0.0,0.0
link_loss,fusion_mean,0.901,0.013
link_loss,fusion_noisyor,0.903,0.008
combined,vision_only,0.237,0.022
combined,acoustic_only,0.0,0.0
combined,radar_only,0.0,0.0
combined,fusion_mean,0.163,0.018
combined,fusion_noisyor,0.253,0.021
